Stock,Total Invested,Final Portfolio Value,Profit/Loss,Percentage Return (%)
ACC.NS,26700000,1488501.7572297673,488501.7572297673,48.85017572297673
BAJFINANCE.NS,28800000,1796025.8397213423,796025.8397213423,79.60258397213423
NYKAA.NS,12500000,1015116.8494337986,15116.849433798576,1.5116849433798576
TATAMOTORS.NS,39900000,6824983.592436739,5824983.592436739,582.4983592436739
